Date;StockPrice;Sentiment Score;EPS;Revenue;Expense
44927;239.82;0;2.23;51865;31331
44927.0416666667;239.82;0;2.23;51865;31331
44927.0833333333;239.82;0;2.23;51865;31331
44927.125;239.82;0;2.23;51865;31331
44927.1666666667;239.82;0;2.23;51865;31331
44927.2083333333;239.82;0;2.23;51865;31331
44927.25;239.82;0;2.23;51865;31331
44927.2916666667;239.82;0;2.23;51865;31331
44927.3333333333;239.82;0;2.23;51865;31331
44927.375;239.82;0;2.23;51865;31331
44927.4166666667;239.82;0;2.23;51865;31331
44927.4583333333;239.82;0;2.23;51865;31331
44927.5;239.82;0;2.23;51865;31331
44927.5416666667;239.82;0;2.23;51865;31331
44927.5833333333;239.82;0;2.23;51865;31331
44927.625;239.82;7;2.23;51865;31331
44927.6666666667;239.82;7;2.23;51865;31331
44927.7083333333;239.82;7;2.23;51865;31331
44927.75;239.82;7;2.23;51865;31331
44927.7916666667;239.82;7;2.23;51865;31331
44927.8333333333;239.82;7;2.23;51865;31331
44927.875;239.82;7;2.23;51865;31331
44927.9166666667;239.82;7;2.23;51865;31331
44927.9583333333;239.82;7;2.23;51865;31331
44928;239.82;7;2.23;51865;31331
44928.0416666667;239.82;7;2.23;51865;31331
44928.0833333333;239.82;7;2.23;51865;31331
44928.125;239.82;7;2.23;51865;31331
44928.1666666667;239.82;7;2.23;51865;31331
44928.2083333333;239.82;7;2.23;51865;31331
44928.25;239.82;7;2.23;51865;31331
44928.2916666667;239.82;7;2.23;51865;31331
44928.3333333333;239.82;7;2.23;51865;31331
44928.375;239.82;7;2.23;51865;31331
44928.4166666667;239.82;7;2.23;51865;31331
44928.4583333333;239.82;7;2.23;51865;31331
44928.5;239.82;7;2.23;51865;31331
44928.5416666667;239.82;7;2.23;51865;31331
44928.5833333333;239.82;7;2.23;51865;31331
44928.625;239.82;7;2.23;51865;31331
44928.6666666667;239.82;7;2.23;51865;31331
44928.7083333333;239.82;7;2.23;51865;31331
44928.75;239.82;7;2.23;51865;31331
44928.7916666667;239.82;7;2.23;51865;31331
44928.8333333333;239.82;7;2.23;51865;31331
44928.875;239.82;7;2.23;51865;31331
44928.9166666667;239.82;7;2.23;51865;31331
44928.9583333333;239.82;7;2.23;51865;31331
44929;239.82;7;2.23;51865;31331
44929.0416666667;239.82;7;2.23;51865;31331
44929.0833333333;239.82;7;2.23;51865;31331
44929.125;239.82;7;2.23;51865;31331
44929.1666666667;239.82;7;2.23;51865;31331
44929.2083333333;239.82;7;2.23;51865;31331
44929.25;239.82;7;2.23;51865;31331
44929.2916666667;239.82;7;2.23;51865;31331
44929.3333333333;239.82;10;2.23;51865;31331
44929.375;239.82;-2;2.23;51865;31331
44929.4166666667;239.82;-2;2.23;51865;31331
44929.4583333333;239.82;-2;2.23;51865;31331
44929.5;239.82;-2;2.23;51865;31331
44929.5416666667;239.82;-2;2.23;51865;31331
44929.5833333333;239.82;3;2.23;51865;31331
44929.625;239.82;3;2.23;51865;31331
44929.6666666667;241.25;-10;2.23;51865;31331
44929.7083333333;239.685;-10;2.23;51865;31331
44929.75;238.16;-10;2.23;51865;31331
44929.7916666667;238.11;-1;2.23;51865;31331
44929.8333333333;238.57;-11;2.23;51865;31331
44929.875;239.42;-18;2.23;51865;31331
44929.9166666667;239.58;-18;2.23;51865;31331
44929.9583333333;239.58;-18;2.23;51865;31331
44930;239.58;-18;2.23;51865;31331
44930.0416666667;239.58;7;2.23;51865;31331
44930.0833333333;239.58;7;2.23;51865;31331
44930.125;239.58;7;2.23;51865;31331
44930.1666666667;239.58;-4;2.23;51865;31331
44930.2083333333;239.58;-4;2.23;51865;31331
44930.25;239.58;-4;2.23;51865;31331
44930.2916666667;239.58;2;2.23;51865;31331
44930.3333333333;239.58;2;2.23;51865;31331
44930.375;239.58;7;2.23;51865;31331
44930.4166666667;239.58;-16;2.23;51865;31331
44930.4583333333;239.58;-21;2.23;51865;31331
44930.5;239.58;-13;2.23;51865;31331
44930.5416666667;239.58;8;2.23;51865;31331
44930.5833333333;239.58;8;2.23;51865;31331
44930.625;239.58;8;2.23;51865;31331
44930.6666666667;229.01;-5;2.23;51865;31331
44930.7083333333;227.58;-9;2.23;51865;31331
44930.75;228.94;-2;2.23;51865;31331
44930.7916666667;227.91;-10;2.23;51865;31331
44930.8333333333;228.6;-14;2.23;51865;31331
44930.875;228.155;-15;2.23;51865;31331
44930.9166666667;229.1;-15;2.23;51865;31331
44930.9583333333;229.1;0;2.23;51865;31331
44931;229.1;0;2.23;51865;31331
44931.0416666667;229.1;0;2.23;51865;31331
44931.0833333333;229.1;0;2.23;51865;31331
44931.125;229.1;0;2.23;51865;31331
44931.1666666667;229.1;0;2.23;51865;31331
44931.2083333333;229.1;0;2.23;51865;31331
44931.25;229.1;0;2.23;51865;31331
44931.2916666667;229.1;9;2.23;51865;31331
44931.3333333333;229.1;9;2.23;51865;31331
44931.375;229.1;9;2.23;51865;31331
44931.4166666667;229.1;-21;2.23;51865;31331
44931.4583333333;229.1;-21;2.23;51865;31331
44931.5;229.1;5;2.23;51865;31331
44931.5416666667;229.1;5;2.23;51865;31331
44931.5833333333;229.1;5;2.23;51865;31331
44931.625;229.1;-15;2.23;51865;31331
44931.6666666667;225.065;-15;2.23;51865;31331
44931.7083333333;224.16;10;2.23;51865;31331
44931.75;223.08;10;2.23;51865;31331
44931.7916666667;222.25;10;2.23;51865;31331
44931.8333333333;223.6109;-4;2.23;51865;31331
44931.875;224.29;-3;2.23;51865;31331
44931.9166666667;222.31;-3;2.23;51865;31331
44931.9583333333;222.31;-3;2.23;51865;31331
44932;222.31;-3;2.23;51865;31331
44932.0416666667;222.31;-3;2.23;51865;31331
44932.0833333333;222.31;-3;2.23;51865;31331
44932.125;222.31;-3;2.23;51865;31331
44932.1666666667;222.31;-3;2.23;51865;31331
44932.2083333333;222.31;-3;2.23;51865;31331
44932.25;222.31;-3;2.23;51865;31331
44932.2916666667;222.31;-6;2.23;51865;31331
44932.3333333333;222.31;-6;2.23;51865;31331
44932.375;222.31;-6;2.23;51865;31331
44932.4166666667;222.31;1;2.23;51865;31331
44932.4583333333;222.31;-5;2.23;51865;31331
44932.5;222.31;4;2.23;51865;31331
44932.5416666667;222.31;-2;2.23;51865;31331
44932.5833333333;222.31;-24;2.23;51865;31331
44932.625;222.31;-24;2.23;51865;31331
44932.6666666667;220.83;-6;2.23;51865;31331
44932.7083333333;222.97;0;2.23;51865;31331
44932.75;222.99;0;2.23;51865;31331
44932.7916666667;222.32;0;2.23;51865;31331
44932.8333333333;224.11;0;2.23;51865;31331
44932.875;225.48;0;2.23;51865;31331
44932.9166666667;224.93;-3;2.23;51865;31331
44932.9583333333;224.93;-10;2.23;51865;31331
44933;224.93;-10;2.23;51865;31331
44933.0416666667;224.93;-10;2.23;51865;31331
44933.0833333333;224.93;-10;2.23;51865;31331
44933.125;224.93;-10;2.23;51865;31331
44933.1666666667;224.93;-10;2.23;51865;31331
44933.2083333333;224.93;-10;2.23;51865;31331
44933.25;224.93;-10;2.23;51865;31331
44933.2916666667;224.93;-10;2.23;51865;31331
44933.3333333333;224.93;-10;2.23;51865;31331
44933.375;224.93;-10;2.23;51865;31331
44933.4166666667;224.93;-5;2.23;51865;31331
44933.4583333333;224.93;-5;2.23;51865;31331
44933.5;224.93;-5;2.23;51865;31331
44933.5416666667;224.93;-5;2.23;51865;31331
44933.5833333333;224.93;-5;2.23;51865;31331
44933.625;224.93;-5;2.23;51865;31331
44933.6666666667;224.93;-5;2.23;51865;31331
44933.7083333333;224.93;-5;2.23;51865;31331
44933.75;224.93;-5;2.23;51865;31331
44933.7916666667;224.93;-5;2.23;51865;31331
44933.8333333333;224.93;-5;2.23;51865;31331
44933.875;224.93;-5;2.23;51865;31331
44933.9166666667;224.93;-5;2.23;51865;31331
44933.9583333333;224.93;-5;2.23;51865;31331
44934;224.93;-5;2.23;51865;31331
44934.0416666667;224.93;-5;2.23;51865;31331
44934.0833333333;224.93;-5;2.23;51865;31331
44934.125;224.93;-5;2.23;51865;31331
44934.1666666667;224.93;-5;2.23;51865;31331
44934.2083333333;224.93;-5;2.23;51865;31331
44934.25;224.93;-5;2.23;51865;31331
44934.2916666667;224.93;-5;2.23;51865;31331
44934.3333333333;224.93;-5;2.23;51865;31331
44934.375;224.93;-5;2.23;51865;31331
44934.4166666667;224.93;-5;2.23;51865;31331
44934.4583333333;224.93;-5;2.23;51865;31331
44934.5;224.93;-5;2.23;51865;31331
44934.5416666667;224.93;-5;2.23;51865;31331
44934.5833333333;224.93;-5;2.23;51865;31331
44934.625;224.93;-5;2.23;51865;31331
44934.6666666667;224.93;-5;2.23;51865;31331
44934.7083333333;224.93;-5;2.23;51865;31331
44934.75;224.93;-5;2.23;51865;31331
44934.7916666667;224.93;-5;2.23;51865;31331
44934.8333333333;224.93;-5;2.23;51865;31331
44934.875;224.93;-5;2.23;51865;31331
44934.9166666667;224.93;-5;2.23;51865;31331
44934.9583333333;224.93;-5;2.23;51865;31331
44935;224.93;-5;2.23;51865;31331
44935.0416666667;224.93;-5;2.23;51865;31331
44935.0833333333;224.93;-5;2.23;51865;31331
44935.125;224.93;-5;2.23;51865;31331
44935.1666666667;224.93;0;2.23;51865;31331
44935.2083333333;224.93;0;2.23;51865;31331
44935.25;224.93;0;2.23;51865;31331
44935.2916666667;224.93;0;2.23;51865;31331
44935.3333333333;224.93;0;2.23;51865;31331
44935.375;224.93;0;2.23;51865;31331
44935.4166666667;224.93;2;2.23;51865;31331
44935.4583333333;224.93;2;2.23;51865;31331
44935.5;224.93;2;2.23;51865;31331
44935.5416666667;224.93;13;2.23;51865;31331
44935.5833333333;224.93;13;2.23;51865;31331
44935.625;224.93;13;2.23;51865;31331
44935.6666666667;229.1499;-7;2.23;51865;31331
44935.7083333333;229.51;-7;2.23;51865;31331
44935.75;230.33;2;2.23;51865;31331
44935.7916666667;230.67;2;2.23;51865;31331
44935.8333333333;229.16;2;2.23;51865;31331
44935.875;227.945;0;2.23;51865;31331
44935.9166666667;227.16;0;2.23;51865;31331
44935.9583333333;227.16;0;2.23;51865;31331
44936;227.12;0;2.23;51865;31331
44936.0416666667;227.12;0;2.23;51865;31331
44936.0833333333;227.12;0;2.23;51865;31331
44936.125;227.12;0;2.23;51865;31331
44936.1666666667;227.12;0;2.23;51865;31331
44936.2083333333;227.12;-17;2.23;51865;31331
44936.25;227.12;-17;2.23;51865;31331
44936.2916666667;227.12;-17;2.23;51865;31331
44936.3333333333;227.12;1;2.23;51865;31331
44936.375;227.12;0;2.23;51865;31331
44936.4166666667;227.12;-5;2.23;51865;31331
44936.4583333333;227.12;-5;2.23;51865;31331
44936.5;227.12;1;2.23;51865;31331
44936.5416666667;227.12;5;2.23;51865;31331
44936.5833333333;227.12;0;2.23;51865;31331
44936.625;227.12;0;2.23;51865;31331
44936.6666666667;229.97;6;2.23;51865;31331
44936.7083333333;228.7;6;2.23;51865;31331
44936.75;228.23;-2;2.23;51865;31331
44936.7916666667;228.28;-2;2.23;51865;31331
44936.8333333333;228.8844;0;2.23;51865;31331
44936.875;228.04;0;2.23;51865;31331
44936.9166666667;228.87;0;2.23;51865;31331
44936.9583333333;228.87;0;2.23;51865;31331
44937;228.85;0;2.23;51865;31331
44937.0416666667;228.85;0;2.23;51865;31331
44937.0833333333;228.85;0;2.23;51865;31331
44937.125;228.85;0;2.23;51865;31331
44937.1666666667;228.85;0;2.23;51865;31331
44937.2083333333;228.85;0;2.23;51865;31331
44937.25;228.85;0;2.23;51865;31331
44937.2916666667;228.85;0;2.23;51865;31331
44937.3333333333;228.85;14;2.23;51865;31331
44937.375;228.85;-21;2.23;51865;31331
44937.4166666667;228.85;3;2.23;51865;31331
44937.4583333333;228.85;-7;2.23;51865;31331
44937.5;228.85;-7;2.23;51865;31331
44937.5416666667;228.85;-7;2.23;51865;31331
44937.5833333333;228.85;0;2.23;51865;31331
44937.625;228.85;12;2.23;51865;31331
44937.6666666667;232.06;12;2.23;51865;31331
44937.7083333333;232.54;-20;2.23;51865;31331
44937.75;233.86;-2;2.23;51865;31331
44937.7916666667;233.82;-4;2.23;51865;31331
44937.8333333333;234.02;-10;2.23;51865;31331
44937.875;234.41;1;2.23;51865;31331
44937.9166666667;235.77;1;2.23;51865;31331
44937.9583333333;235.77;1;2.23;51865;31331
44938;235.77;1;2.23;51865;31331
44938.0416666667;235.77;-2;2.23;51865;31331
44938.0833333333;235.77;-2;2.23;51865;31331
44938.125;235.77;-2;2.23;51865;31331
44938.1666666667;235.77;-2;2.23;51865;31331
44938.2083333333;235.77;-2;2.23;51865;31331
44938.25;235.77;-2;2.23;51865;31331
44938.2916666667;235.77;-2;2.23;51865;31331
44938.3333333333;235.77;-2;2.23;51865;31331
44938.375;235.77;-2;2.23;51865;31331
44938.4166666667;235.77;1;2.23;51865;31331
44938.4583333333;235.77;2;2.23;51865;31331
44938.5;235.77;12;2.23;51865;31331
44938.5416666667;235.77;12;2.23;51865;31331
44938.5833333333;235.77;4;2.23;51865;31331
44938.625;235.77;0;2.23;51865;31331
44938.6666666667;234.63;0;2.23;51865;31331
44938.7083333333;237.29;0;2.23;51865;31331
44938.75;238.76;0;2.23;51865;31331
44938.7916666667;239.28;0;2.23;51865;31331
44938.8333333333;239.75;-1;2.23;51865;31331
44938.875;238.33;-26;2.23;51865;31331
44938.9166666667;238.51;-26;2.23;51865;31331
44938.9583333333;238.51;-26;2.23;51865;31331
44939;238.51;-20;2.23;51865;31331
44939.0416666667;238.51;-20;2.23;51865;31331
44939.0833333333;238.51;-20;2.23;51865;31331
44939.125;238.51;-20;2.23;51865;31331
44939.1666666667;238.51;-20;2.23;51865;31331
44939.2083333333;238.51;-20;2.23;51865;31331
44939.25;238.51;-20;2.23;51865;31331
44939.2916666667;238.51;-20;2.23;51865;31331
44939.3333333333;238.51;-20;2.23;51865;31331
44939.375;238.51;-20;2.23;51865;31331
44939.4166666667;238.51;-20;2.23;51865;31331
44939.4583333333;238.51;-1;2.23;51865;31331
44939.5;238.51;-1;2.23;51865;31331
44939.5416666667;238.51;-15;2.23;51865;31331
44939.5833333333;238.51;-15;2.23;51865;31331
44939.625;238.51;-15;2.23;51865;31331
44939.6666666667;236.66;-15;2.23;51865;31331
44939.7083333333;236.6;-21;2.23;51865;31331
44939.75;235.595;-21;2.23;51865;31331
44939.7916666667;236.43;-6;2.23;51865;31331
44939.8333333333;237.6;-6;2.23;51865;31331
44939.875;238.13;-6;2.23;51865;31331
44939.9166666667;239.23;4;2.23;51865;31331
44939.9583333333;239.23;4;2.23;51865;31331
44940;239.23;4;2.23;51865;31331
44940.0416666667;239.23;4;2.23;51865;31331
44940.0833333333;239.23;4;2.23;51865;31331
44940.125;239.23;4;2.23;51865;31331
44940.1666666667;239.23;4;2.23;51865;31331
44940.2083333333;239.23;4;2.23;51865;31331
44940.25;239.23;4;2.23;51865;31331
44940.2916666667;239.23;4;2.23;51865;31331
44940.3333333333;239.23;4;2.23;51865;31331
44940.375;239.23;4;2.23;51865;31331
44940.4166666667;239.23;-1;2.23;51865;31331
44940.4583333333;239.23;-4;2.23;51865;31331
44940.5;239.23;-4;2.23;51865;31331
44940.5416666667;239.23;-4;2.23;51865;31331
44940.5833333333;239.23;-4;2.23;51865;31331
44940.625;239.23;-4;2.23;51865;31331
44940.6666666667;239.23;-4;2.23;51865;31331
44940.7083333333;239.23;-4;2.23;51865;31331
44940.75;239.23;-4;2.23;51865;31331
44940.7916666667;239.23;-4;2.23;51865;31331
44940.8333333333;239.23;-4;2.23;51865;31331
44940.875;239.23;-4;2.23;51865;31331
44940.9166666667;239.23;-4;2.23;51865;31331
44940.9583333333;239.23;-4;2.23;51865;31331
44941;239.23;-4;2.23;51865;31331
44941.0416666667;239.23;-4;2.23;51865;31331
44941.0833333333;239.23;-4;2.23;51865;31331
44941.125;239.23;-4;2.23;51865;31331
44941.1666666667;239.23;-4;2.23;51865;31331
44941.2083333333;239.23;-4;2.23;51865;31331
44941.25;239.23;-4;2.23;51865;31331
44941.2916666667;239.23;-4;2.23;51865;31331
44941.3333333333;239.23;-4;2.23;51865;31331
44941.375;239.23;-4;2.23;51865;31331
44941.4166666667;239.23;-4;2.23;51865;31331
44941.4583333333;239.23;-4;2.23;51865;31331
44941.5;239.23;-4;2.23;51865;31331
44941.5416666667;239.23;-4;2.23;51865;31331
44941.5833333333;239.23;-4;2.23;51865;31331
44941.625;239.23;-4;2.23;51865;31331
44941.6666666667;239.23;-4;2.23;51865;31331
44941.7083333333;239.23;-4;2.23;51865;31331
44941.75;239.23;-4;2.23;51865;31331
44941.7916666667;239.23;-4;2.23;51865;31331
44941.8333333333;239.23;-4;2.23;51865;31331
44941.875;239.23;-4;2.23;51865;31331
44941.9166666667;239.23;-4;2.23;51865;31331
44941.9583333333;239.23;-4;2.23;51865;31331
44942;239.23;-4;2.23;51865;31331
44942.0416666667;239.23;-4;2.23;51865;31331
44942.0833333333;239.23;-4;2.23;51865;31331
44942.125;239.23;-4;2.23;51865;31331
44942.1666666667;239.23;-4;2.23;51865;31331
44942.2083333333;239.23;-4;2.23;51865;31331
44942.25;239.23;-4;2.23;51865;31331
44942.2916666667;239.23;-4;2.23;51865;31331
44942.3333333333;239.23;-4;2.23;51865;31331
44942.375;239.23;-4;2.23;51865;31331
44942.4166666667;239.23;-5;2.23;51865;31331
44942.4583333333;239.23;-5;2.23;51865;31331
44942.5;239.23;-5;2.23;51865;31331
44942.5416666667;239.23;-10;2.23;51865;31331
44942.5833333333;239.23;-10;2.23;51865;31331
44942.625;239.23;-8;2.23;51865;31331
44942.6666666667;239.23;-9;2.23;51865;31331
44942.7083333333;239.23;-9;2.23;51865;31331
44942.75;239.23;-9;2.23;51865;31331
44942.7916666667;239.23;-9;2.23;51865;31331
44942.8333333333;239.23;-9;2.23;51865;31331
44942.875;239.23;-9;2.23;51865;31331
44942.9166666667;239.23;-9;2.23;51865;31331
44942.9583333333;239.23;-1;2.23;51865;31331
44943;239.23;-1;2.23;51865;31331
44943.0416666667;239.23;0;2.23;51865;31331
44943.0833333333;239.23;0;2.23;51865;31331
44943.125;239.23;-15;2.23;51865;31331
44943.1666666667;239.23;-15;2.23;51865;31331
44943.2083333333;239.23;-15;2.23;51865;31331
44943.25;239.23;0;2.23;51865;31331
44943.2916666667;239.23;0;2.23;51865;31331
44943.3333333333;239.23;0;2.23;51865;31331
44943.375;239.23;-37;2.23;51865;31331
44943.4166666667;239.23;-1;2.23;51865;31331
44943.4583333333;239.23;2;2.23;51865;31331
44943.5;239.23;-16;2.23;51865;31331
44943.5416666667;239.23;-12;2.23;51865;31331
44943.5833333333;239.23;-16;2.23;51865;31331
44943.625;239.23;4;2.23;51865;31331
44943.6666666667;239.85;4;2.23;51865;31331
44943.7083333333;239.68;-16;2.23;51865;31331
44943.75;239.36;-21;2.23;51865;31331
44943.7916666667;239.5;-2;2.23;51865;31331
44943.8333333333;240.7;-31;2.23;51865;31331
44943.875;239.79;0;2.23;51865;31331
44943.9166666667;240.35;0;2.23;51865;31331
44943.9583333333;240.35;0;2.23;51865;31331
44944;240.35;0;2.23;51865;31331
44944.0416666667;240.35;-11;2.23;51865;31331
44944.0833333333;240.35;-9;2.23;51865;31331
44944.125;240.35;-9;2.23;51865;31331
44944.1666666667;240.35;-9;2.23;51865;31331
44944.2083333333;240.35;-27;2.23;51865;31331
44944.25;240.35;-27;2.23;51865;31331
44944.2916666667;240.35;-27;2.23;51865;31331
44944.3333333333;240.35;-27;2.23;51865;31331
44944.375;240.35;-14;2.23;51865;31331
44944.4166666667;240.35;-14;2.23;51865;31331
44944.4583333333;240.35;-18;2.23;51865;31331
44944.5;240.35;8;2.23;51865;31331
44944.5416666667;240.35;-4;2.23;51865;31331
44944.5833333333;240.35;-32;2.23;51865;31331
44944.625;240.35;-20;2.23;51865;31331
44944.6666666667;241.38;-44;2.23;51865;31331
44944.7083333333;238.22;-14;2.23;51865;31331
44944.75;237.32;-3;2.23;51865;31331
44944.7916666667;237.24;-3;2.23;51865;31331
44944.8333333333;237.15;-4;2.23;51865;31331
44944.875;237.17;-17;2.23;51865;31331
44944.9166666667;235.81;-57;2.23;51865;31331
44944.9583333333;235.81;-2;2.23;51865;31331
44945;235.81;-2;2.23;51865;31331
44945.0416666667;235.81;-2;2.23;51865;31331
44945.0833333333;235.81;-2;2.23;51865;31331
44945.125;235.81;-2;2.23;51865;31331
44945.1666666667;235.81;-2;2.23;51865;31331
44945.2083333333;235.81;-2;2.23;51865;31331
44945.25;235.81;-2;2.23;51865;31331
44945.2916666667;235.81;-2;2.23;51865;31331
44945.3333333333;235.81;-2;2.23;51865;31331
44945.375;235.81;-1;2.23;51865;31331
44945.4166666667;235.81;-14;2.23;51865;31331
44945.4583333333;235.81;-37;2.23;51865;31331
44945.5;235.81;-1;2.23;51865;31331
44945.5416666667;235.81;5;2.23;51865;31331
44945.5833333333;235.81;5;2.23;51865;31331
44945.625;235.81;5;2.23;51865;31331
44945.6666666667;232.875;-16;2.23;51865;31331
44945.7083333333;231.05;-16;2.23;51865;31331
44945.75;231.05;-4;2.23;51865;31331
44945.7916666667;231.65;-4;2.23;51865;31331
44945.8333333333;233.21;-15;2.23;51865;31331
44945.875;233.88;-2;2.23;51865;31331
44945.9166666667;231.93;-2;2.23;51865;31331
44945.9583333333;231.93;-4;2.23;51865;31331
44946;231.93;-4;2.23;51865;31331
44946.0416666667;231.93;-4;2.23;51865;31331
44946.0833333333;231.93;-4;2.23;51865;31331
44946.125;231.93;-4;2.23;51865;31331
44946.1666666667;231.93;-4;2.23;51865;31331
44946.2083333333;231.93;-4;2.23;51865;31331
44946.25;231.93;-3;2.23;51865;31331
44946.2916666667;231.93;-3;2.23;51865;31331
44946.3333333333;231.93;-3;2.23;51865;31331
44946.375;231.93;-3;2.23;51865;31331
44946.4166666667;231.93;-17;2.23;51865;31331
44946.4583333333;231.93;-2;2.23;51865;31331
44946.5;231.93;-16;2.23;51865;31331
44946.5416666667;231.93;-16;2.23;51865;31331
44946.5833333333;231.93;-26;2.23;51865;31331
44946.625;231.93;-7;2.23;51865;31331
44946.6666666667;235.6469;-7;2.23;51865;31331
44946.7083333333;236.12;-26;2.23;51865;31331
44946.75;238.531;-37;2.23;51865;31331
44946.7916666667;238.3299;-7;2.23;51865;31331
44946.8333333333;239.52;-7;2.23;51865;31331
44946.875;239.54;-3;2.23;51865;31331
44946.9166666667;240.22;-3;2.23;51865;31331
44946.9583333333;240.22;10;2.23;51865;31331
44947;240.22;10;2.23;51865;31331
44947.0416666667;240.22;2;2.23;51865;31331
44947.0833333333;240.22;2;2.23;51865;31331
44947.125;240.22;2;2.23;51865;31331
44947.1666666667;240.22;2;2.23;51865;31331
44947.2083333333;240.22;2;2.23;51865;31331
44947.25;240.22;2;2.23;51865;31331
44947.2916666667;240.22;2;2.23;51865;31331
44947.3333333333;240.22;2;2.23;51865;31331
44947.375;240.22;2;2.23;51865;31331
44947.4166666667;240.22;2;2.23;51865;31331
44947.4583333333;240.22;-8;2.23;51865;31331
44947.5;240.22;-8;2.23;51865;31331
44947.5416666667;240.22;-8;2.23;51865;31331
44947.5833333333;240.22;-9;2.23;51865;31331
44947.625;240.22;1;2.23;51865;31331
44947.6666666667;240.22;1;2.23;51865;31331
44947.7083333333;240.22;1;2.23;51865;31331
44947.75;240.22;1;2.23;51865;31331
44947.7916666667;240.22;1;2.23;51865;31331
44947.8333333333;240.22;1;2.23;51865;31331
44947.875;240.22;1;2.23;51865;31331
44947.9166666667;240.22;1;2.23;51865;31331
44947.9583333333;240.22;-4;2.23;51865;31331
44948;240.22;-4;2.23;51865;31331
44948.0416666667;240.22;-4;2.23;51865;31331
44948.0833333333;240.22;-4;2.23;51865;31331
44948.125;240.22;-4;2.23;51865;31331
44948.1666666667;240.22;-10;2.23;51865;31331
44948.2083333333;240.22;-10;2.23;51865;31331
44948.25;240.22;-10;2.23;51865;31331
44948.2916666667;240.22;-10;2.23;51865;31331
44948.3333333333;240.22;-10;2.23;51865;31331
44948.375;240.22;-10;2.23;51865;31331
44948.4166666667;240.22;-10;2.23;51865;31331
44948.4583333333;240.22;-10;2.23;51865;31331
44948.5;240.22;-10;2.23;51865;31331
44948.5416666667;240.22;-10;2.23;51865;31331
44948.5833333333;240.22;-2;2.23;51865;31331
44948.625;240.22;-2;2.23;51865;31331
44948.6666666667;240.22;-2;2.23;51865;31331
44948.7083333333;240.22;-2;2.23;51865;31331
44948.75;240.22;-2;2.23;51865;31331
44948.7916666667;240.22;-2;2.23;51865;31331
44948.8333333333;240.22;-2;2.23;51865;31331
44948.875;240.22;-2;2.23;51865;31331
44948.9166666667;240.22;-14;2.23;51865;31331
44948.9583333333;240.22;-14;2.23;51865;31331
44949;240.22;2;2.23;51865;31331
44949.0416666667;240.22;2;2.23;51865;31331
44949.0833333333;240.22;2;2.23;51865;31331
44949.125;240.22;2;2.23;51865;31331
44949.1666666667;240.22;2;2.23;51865;31331
44949.2083333333;240.22;-3;2.23;51865;31331
44949.25;240.22;-3;2.23;51865;31331
44949.2916666667;240.22;-15;2.23;51865;31331
44949.3333333333;240.22;-15;2.23;51865;31331
44949.375;240.22;-15;2.23;51865;31331
44949.4166666667;240.22;-8;2.23;51865;31331
44949.4583333333;240.22;-8;2.23;51865;31331
44949.5;240.22;-21;2.23;51865;31331
44949.5416666667;240.22;-9;2.23;51865;31331
44949.5833333333;240.22;1;2.23;51865;31331
44949.625;240.22;-23;2.23;51865;31331
44949.6666666667;241.585;0;2.23;51865;31331
44949.7083333333;242.63;-12;2.23;51865;31331
44949.75;244.58;-12;2.23;51865;31331
44949.7916666667;244.18;-12;2.23;51865;31331
44949.8333333333;243.79;-12;2.23;51865;31331
44949.875;242.53;4;2.23;51865;31331
44949.9166666667;242.58;-3;2.23;51865;31331
44949.9583333333;242.58;-16;2.23;51865;31331
44950;242.58;-2;2.23;51865;31331
44950.0416666667;242.58;-2;2.23;51865;31331
44950.0833333333;242.58;-2;2.23;51865;31331
44950.125;242.58;-2;2.23;51865;31331
44950.1666666667;242.58;-2;2.23;51865;31331
44950.2083333333;242.58;-2;2.23;51865;31331
44950.25;242.58;-2;2.23;51865;31331
44950.2916666667;242.58;-2;2.23;51865;31331
44950.3333333333;242.58;-2;2.23;51865;31331
44950.375;242.58;-2;2.23;51865;31331
44950.4166666667;242.58;-2;2.23;51865;31331
44950.4583333333;242.58;-2;2.23;51865;31331
44950.5;242.58;-15;2.23;51865;31331
44950.5416666667;242.58;-15;2.23;51865;31331
44950.5833333333;242.58;11;2.23;51865;31331
44950.625;242.58;4;2.23;51865;31331
44950.6666666667;241.9601;-4;2.35;50122;28604
44950.7083333333;242.94;-4;2.35;50122;28604
44950.75;242.03;-4;2.35;50122;28604
44950.7916666667;241.78;-5;2.35;50122;28604
44950.8333333333;242.36;-5;2.35;50122;28604
44950.875;242.47;-29;2.35;50122;28604
44950.9166666667;242.04;-7;2.35;50122;28604
44950.9583333333;242.04;-13;2.35;50122;28604
44951;242.04;0;2.35;50122;28604
44951.0416666667;242.04;-10;2.35;50122;28604
44951.0833333333;242.04;-10;2.35;50122;28604
44951.125;242.04;-10;2.35;50122;28604
44951.1666666667;242.04;20;2.35;50122;28604
44951.2083333333;242.04;20;2.35;50122;28604
44951.25;242.04;20;2.35;50122;28604
44951.2916666667;242.04;20;2.35;50122;28604
44951.3333333333;242.04;-34;2.35;50122;28604
44951.375;242.04;-48;2.35;50122;28604
44951.4166666667;242.04;-72;2.35;50122;28604
44951.4583333333;242.04;21;2.35;50122;28604
44951.5;242.04;-24;2.35;50122;28604
44951.5416666667;242.04;-17;2.35;50122;28604
44951.5833333333;242.04;-12;2.35;50122;28604
44951.625;242.04;-19;2.35;50122;28604
44951.6666666667;231.36;-20;2.35;50122;28604
44951.7083333333;234.5172;8;2.35;50122;28604
44951.75;240.5;-13;2.35;50122;28604
44951.7916666667;239.31;-42;2.35;50122;28604
44951.8333333333;240.41;-6;2.35;50122;28604
44951.875;241.4;-29;2.35;50122;28604
44951.9166666667;240.61;-4;2.35;50122;28604
44951.9583333333;240.61;0;2.35;50122;28604
44952;240.61;0;2.35;50122;28604
44952.0416666667;240.61;0;2.35;50122;28604
44952.0833333333;240.61;0;2.35;50122;28604
44952.125;240.61;0;2.35;50122;28604
44952.1666666667;240.61;0;2.35;50122;28604
44952.2083333333;240.61;-3;2.35;50122;28604
44952.25;240.61;-3;2.35;50122;28604
44952.2916666667;240.61;-25;2.35;50122;28604
44952.3333333333;240.61;-25;2.35;50122;28604
44952.375;240.61;-3;2.35;50122;28604
44952.4166666667;240.61;-3;2.35;50122;28604
44952.4583333333;240.61;-5;2.35;50122;28604
44952.5;240.61;-5;2.35;50122;28604
44952.5416666667;240.61;2;2.35;50122;28604
44952.5833333333;240.61;2;2.35;50122;28604
44952.625;240.61;12;2.35;50122;28604
44952.6666666667;243.35;12;2.35;50122;28604
44952.7083333333;242.525;-1;2.35;50122;28604
44952.75;244.66;-1;2.35;50122;28604
44952.7916666667;244.29;3;2.35;50122;28604
44952.8333333333;244.71;-6;2.35;50122;28604
44952.875;246.1811;1;2.35;50122;28604
44952.9166666667;248;1;2.35;50122;28604
44952.9583333333;248;1;2.35;50122;28604
44953;248;1;2.35;50122;28604
44953.0416666667;248;1;2.35;50122;28604
44953.0833333333;248;1;2.35;50122;28604
44953.125;248;1;2.35;50122;28604
44953.1666666667;248;1;2.35;50122;28604
44953.2083333333;248;1;2.35;50122;28604
44953.25;248;1;2.35;50122;28604
44953.2916666667;248;1;2.35;50122;28604
44953.3333333333;248;1;2.35;50122;28604
44953.375;248;1;2.35;50122;28604
44953.4166666667;248;-2;2.35;50122;28604
44953.4583333333;248;7;2.35;50122;28604
44953.5;248;7;2.35;50122;28604
44953.5416666667;248;-13;2.35;50122;28604
44953.5833333333;248;-4;2.35;50122;28604
44953.625;248;-4;2.35;50122;28604
44953.6666666667;247.87;-4;2.35;50122;28604
44953.7083333333;247.49;-4;2.35;50122;28604
44953.75;248.38;-4;2.35;50122;28604
44953.7916666667;248.58;-4;2.35;50122;28604
44953.8333333333;248.47;-4;2.35;50122;28604
44953.875;248.63;-21;2.35;50122;28604
44953.9166666667;248.15;-21;2.35;50122;28604
44953.9583333333;248.15;-21;2.35;50122;28604
44954;248.15;-21;2.35;50122;28604
44954.0416666667;248.15;-21;2.35;50122;28604
44954.0833333333;248.15;-21;2.35;50122;28604
44954.125;248.15;-21;2.35;50122;28604
44954.1666666667;248.15;-21;2.35;50122;28604
44954.2083333333;248.15;-21;2.35;50122;28604
44954.25;248.15;-21;2.35;50122;28604
44954.2916666667;248.15;-21;2.35;50122;28604
44954.3333333333;248.15;-21;2.35;50122;28604
44954.375;248.15;-21;2.35;50122;28604
44954.4166666667;248.15;-21;2.35;50122;28604
44954.4583333333;248.15;-21;2.35;50122;28604
44954.5;248.15;-21;2.35;50122;28604
44954.5416666667;248.15;-21;2.35;50122;28604
44954.5833333333;248.15;-21;2.35;50122;28604
44954.625;248.15;-21;2.35;50122;28604
44954.6666666667;248.15;-21;2.35;50122;28604
44954.7083333333;248.15;-21;2.35;50122;28604
44954.75;248.15;-21;2.35;50122;28604
44954.7916666667;248.15;-21;2.35;50122;28604
44954.8333333333;248.15;-21;2.35;50122;28604
44954.875;248.15;-21;2.35;50122;28604
44954.9166666667;248.15;-21;2.35;50122;28604
44954.9583333333;248.15;-21;2.35;50122;28604
44955;248.15;-21;2.35;50122;28604
44955.0416666667;248.15;-21;2.35;50122;28604
44955.0833333333;248.15;-21;2.35;50122;28604
44955.125;248.15;-21;2.35;50122;28604
44955.1666666667;248.15;-21;2.35;50122;28604
44955.2083333333;248.15;-21;2.35;50122;28604
44955.25;248.15;-21;2.35;50122;28604
44955.2916666667;248.15;-21;2.35;50122;28604
44955.3333333333;248.15;-21;2.35;50122;28604
44955.375;248.15;-21;2.35;50122;28604
44955.4166666667;248.15;-21;2.35;50122;28604
44955.4583333333;248.15;-21;2.35;50122;28604
44955.5;248.15;-21;2.35;50122;28604
44955.5416666667;248.15;-21;2.35;50122;28604
44955.5833333333;248.15;-21;2.35;50122;28604
44955.625;248.15;-21;2.35;50122;28604
44955.6666666667;248.15;-21;2.35;50122;28604
44955.7083333333;248.15;-21;2.35;50122;28604
44955.75;248.15;-5;2.35;50122;28604
44955.7916666667;248.15;-5;2.35;50122;28604
44955.8333333333;248.15;-5;2.35;50122;28604
44955.875;248.15;-5;2.35;50122;28604
44955.9166666667;248.15;-5;2.35;50122;28604
44955.9583333333;248.15;-5;2.35;50122;28604
44956;248.15;-5;2.35;50122;28604
44956.0416666667;248.15;-5;2.35;50122;28604
44956.0833333333;248.15;-5;2.35;50122;28604
44956.125;248.15;-5;2.35;50122;28604
44956.1666666667;248.15;-5;2.35;50122;28604
44956.2083333333;248.15;-5;2.35;50122;28604
44956.25;248.15;-5;2.35;50122;28604
44956.2916666667;248.15;-5;2.35;50122;28604
44956.3333333333;248.15;4;2.35;50122;28604
44956.375;248.15;4;2.35;50122;28604
44956.4166666667;248.15;4;2.35;50122;28604
44956.4583333333;248.15;1;2.35;50122;28604
44956.5;248.15;1;2.35;50122;28604
44956.5416666667;248.15;-5;2.35;50122;28604
44956.5833333333;248.15;-5;2.35;50122;28604
44956.625;248.15;-5;2.35;50122;28604
44956.6666666667;244.86;-7;2.35;50122;28604
44956.7083333333;242.91;-7;2.35;50122;28604
44956.75;243.67;-7;2.35;50122;28604
44956.7916666667;242.81;-7;2.35;50122;28604
44956.8333333333;242.8899;-7;2.35;50122;28604
44956.875;242.615;0;2.35;50122;28604
44956.9166666667;242.76;0;2.35;50122;28604
44956.9583333333;242.76;0;2.35;50122;28604
44957;242.71;1;2.35;50122;28604
44957.0416666667;242.71;1;2.35;50122;28604
44957.0833333333;242.71;1;2.35;50122;28604
44957.125;242.71;1;2.35;50122;28604
44957.1666666667;242.71;1;2.35;50122;28604
44957.2083333333;242.71;-5;2.35;50122;28604
44957.25;242.71;-5;2.35;50122;28604
44957.2916666667;242.71;-5;2.35;50122;28604
44957.3333333333;242.71;-20;2.35;50122;28604
44957.375;242.71;-20;2.35;50122;28604
44957.4166666667;242.71;-2;2.35;50122;28604
44957.4583333333;242.71;3;2.35;50122;28604
44957.5;242.71;3;2.35;50122;28604
44957.5416666667;242.71;3;2.35;50122;28604
44957.5833333333;242.71;1;2.35;50122;28604
44957.625;242.71;1;2.35;50122;28604
44957.6666666667;243.99;-22;2.35;50122;28604
44957.7083333333;244.845;3;2.35;50122;28604
44957.75;245.91;3;2.35;50122;28604
44957.7916666667;246.2;3;2.35;50122;28604
44957.8333333333;246.72;-11;2.35;50122;28604
44957.875;246.62;2;2.35;50122;28604
44957.9166666667;247.84;2;2.35;50122;28604
44957.9583333333;247.84;2;2.35;50122;28604
